{
  "definitions": {
    "ZRS_Beverage_Sales_View": {
      "kind": "entity",
      "elements": {
        "SalesDate": {
          "@EndUserText.label": "SalesDate",
          "type": "cds.Date"
        },
        "Year": {
          "@EndUserText.label": "Year",
          "type": "cds.Integer"
        },
        "Region": {
          "@EndUserText.label": "Region",
          "type": "cds.String",
          "length": 10
        },
        "Beverage": {
          "@EndUserText.label": "Beverage",
          "type": "cds.String",
          "length": 10
        },
        "CostperLitre": {
          "@EndUserText.label": "CostperLitre",
          "precision": 5,
          "scale": 2,
          "type": "cds.Decimal",
          "@AnalyticsDetails.measureType": {
            "#": "BASE"
          },
          "@Aggregation.default": {
            "#": "SUM"
          }
        },
        "LitresSold": {
          "@EndUserText.label": "LitresSold",
          "precision": 10,
          "scale": 2,
          "type": "cds.Decimal",
          "@AnalyticsDetails.measureType": {
            "#": "BASE"
          },
          "@Aggregation.default": {
            "#": "SUM"
          }
        },
        "Revenue": {
          "@EndUserText.label": "Revenue",
          "precision": 15,
          "scale": 4,
          "type": "cds.Decimal",
          "@AnalyticsDetails.measureType": {
            "#": "BASE"
          },
          "@Aggregation.default": {
            "#": "SUM"
          }
        }
      },
      "query": {
        "SELECT": {
          "from": {
            "ref": [
              "ZRS_Beverage_Sales"
            ]
          },
          "columns": [
            {
              "as": "SalesDate",
              "ref": [
                "ZRS_Beverage_Sales",
                "SalesDate"
              ]
            },
            {
              "as": "Year",
              "ref": [
                "ZRS_Beverage_Sales",
                "Year"
              ]
            },
            {
              "as": "Region",
              "ref": [
                "ZRS_Beverage_Sales",
                "Region"
              ]
            },
            {
              "as": "Beverage",
              "ref": [
                "ZRS_Beverage_Sales",
                "Beverage"
              ]
            },
            {
              "as": "CostperLitre",
              "ref": [
                "ZRS_Beverage_Sales",
                "CostperLitre"
              ]
            },
            {
              "as": "LitresSold",
              "ref": [
                "ZRS_Beverage_Sales",
                "LitresSold"
              ]
            },
            {
              "as": "Revenue",
              "xpr": [
                {
                  "ref": [
                    "ZRS_Beverage_Sales",
                    "CostperLitre"
                  ]
                },
                "*",
                {
                  "ref": [
                    "ZRS_Beverage_Sales",
                    "LitresSold"
                  ]
                }
              ]
            }
          ]
        }
      },
      "@ObjectModel.supportedCapabilities": [
        {
          "#": "ANALYTICAL_PROVIDER"
        },
        {
          "#": "ANALYTICAL_FACT"
        }
      ],
      "@Consumption.dbHints": [],
      "@EndUserText.label": "ZRS_Beverage_Sales_View",
      "@ObjectModel.modelingPattern": {
        "#": "ANALYTICAL_FACT"
      },
      "@DataWarehouse.consumption.external": true,
      "@DataWarehouse.querybuilder.model": "{\"contents\":{\"28223856-6891-4439-82b9-332209c158b1\":{\"classDefinition\":\"sap.cdw.querybuilder.Model\",\"name\":\"ZRS_Beverage_Sales_View\",\"label\":\"ZRS_Beverage_Sales_View\",\"modificationDate\":1683903245710,\"deploymentDate\":0,\"#objectStatus\":\"0\",\"output\":\"9df24d8b-2a30-4c23-b21f-8feb920169ec\",\"nodes\":{\"9df24d8b-2a30-4c23-b21f-8feb920169ec\":{\"name\":\"ZRS_Beverage_Sales_View\"},\"8a6e17cc-1e55-4c68-9897-398b98380788\":{\"name\":\"ZRS_Beverage_Sales\"},\"14625ade-a960-4689-a9d1-08cf8edd6fcb\":{\"name\":\"Revenue\"}},\"diagrams\":{\"f0586d08-b628-4bee-a06d-bc2e8ee23387\":{}}},\"9df24d8b-2a30-4c23-b21f-8feb920169ec\":{\"classDefinition\":\"sap.cdw.querybuilder.Output\",\"name\":\"ZRS_Beverage_Sales_View\",\"type\":\"graphicView\",\"isPinToMemoryEnabled\":false,\"dataCategory\":\"FACT\",\"modificationDate\":1683903245710,\"deploymentDate\":0,\"#objectStatus\":\"0\",\"elements\":{\"fd5a2d2e-84d2-4b6e-be62-bdba95b8190f\":{\"name\":\"SalesDate\"},\"ba22bbcd-1eed-426b-a4f3-d4cf3ecbb500\":{\"name\":\"Year\"},\"debbc8e5-826a-4e2d-873e-43bfdb2cbc38\":{\"name\":\"Region\"},\"fb3b778b-1c30-477b-a87d-823ff25ea4ca\":{\"name\":\"Beverage\"},\"ad5a3d46-81db-41c9-b293-53d2701919b6\":{\"name\":\"CostperLitre\"},\"7d858861-f129-405a-90f6-b531a4fb3c37\":{\"name\":\"LitresSold\"},\"daba763e-747b-4e1b-9b8b-df1f69770956\":{\"name\":\"Calculated_1\"}}},\"8a6e17cc-1e55-4c68-9897-398b98380788\":{\"classDefinition\":\"sap.cdw.querybuilder.Entity\",\"name\":\"ZRS_Beverage_Sales\",\"label\":\"ZRS_Beverage_Sales\",\"type\":9,\"isPinToMemoryEnabled\":false,\"isAllowConsumption\":false,\"isHiddenInUi\":false,\"modificationDate\":1683560403530,\"deploymentDate\":1683903293873,\"#objectStatus\":\"1\",\"elements\":{\"e4091b76-700f-4364-8499-530f1e364198\":{\"name\":\"SalesDate\"},\"9090b0f5-aa98-4c02-854d-acfef7feb4cd\":{\"name\":\"Year\"},\"fd64feb5-6def-40c3-bc21-d488c22b25ca\":{\"name\":\"Region\"},\"0694cf99-c28a-477b-a5ef-2380705f8b23\":{\"name\":\"Beverage\"},\"1d6caa31-7dcd-44ba-8469-19987e068a83\":{\"name\":\"CostperLitre\"},\"cbf969ef-5fde-4c77-8727-4293587c3638\":{\"name\":\"LitresSold\"}},\"successorNode\":\"14625ade-a960-4689-a9d1-08cf8edd6fcb\"},\"14625ade-a960-4689-a9d1-08cf8edd6fcb\":{\"classDefinition\":\"sap.cdw.querybuilder.CalculatedElements\",\"name\":\"Revenue\",\"elements\":{\"a5810d95-7758-491c-bc0d-e0caf54cdad9\":{\"name\":\"SalesDate\"},\"5b6024c4-23a5-44fa-95bb-4c805f1f50a2\":{\"name\":\"Year\"},\"837ada45-c589-4b30-92ee-3d76a893aad0\":{\"name\":\"Region\"},\"da533c17-5a00-425c-a09e-6fb2ad91778b\":{\"name\":\"Beverage\"},\"248ff05b-d7e8-4a62-90d3-bf0defb85295\":{\"name\":\"CostperLitre\"},\"59c9d4f3-4669-4da4-abd7-fcd13acbcc1b\":{\"name\":\"LitresSold\"},\"36495cf3-2dce-4add-9ead-013d0b33a143\":{\"name\":\"Calculated_1\"}},\"successorNode\":\"9df24d8b-2a30-4c23-b21f-8feb920169ec\"},\"f0586d08-b628-4bee-a06d-bc2e8ee23387\":{\"classDefinition\":\"sap.cdw.querybuilder.ui.Diagram\",\"symbols\":{\"f3ae1eb2-7e7b-4682-8986-576db3ec4dea\":{},\"6abb21dc-42ec-41d1-a12e-ae23b24a1dd1\":{\"name\":\"Entity Symbol 1\"},\"1d99a072-ca67-4979-a2fa-fe4d43907511\":{},\"da3e155c-bffa-4185-87b6-14817bedfe1e\":{},\"01506406-ba1c-4994-8509-20f32f8ad5f8\":{}}},\"fd5a2d2e-84d2-4b6e-be62-bdba95b8190f\":{\"classDefinition\":\"sap.cdw.querybuilder.Element\",\"name\":\"SalesDate\",\"label\":\"SalesDate\",\"newName\":\"SalesDate\",\"indexOrder\":0,\"isCalculated\":true,\"dataType\":\"cds.Date\",\"length\":0,\"precision\":0,\"scale\":0},\"ba22bbcd-1eed-426b-a4f3-d4cf3ecbb500\":{\"classDefinition\":\"sap.cdw.querybuilder.Element\",\"name\":\"Year\",\"label\":\"Year\",\"newName\":\"Year\",\"indexOrder\":1,\"isCalculated\":true,\"dataType\":\"cds.Integer\",\"length\":0,\"precision\":0,\"scale\":0},\"debbc8e5-826a-4e2d-873e-43bfdb2cbc38\":{\"classDefinition\":\"sap.cdw.querybuilder.Element\",\"name\":\"Region\",\"label\":\"Region\",\"newName\":\"Region\",\"indexOrder\":2,\"isCalculated\":true,\"length\":10,\"precision\":0,\"scale\":0},\"fb3b778b-1c30-477b-a87d-823ff25ea4ca\":{\"classDefinition\":\"sap.cdw.querybuilder.Element\",\"name\":\"Beverage\",\"label\":\"Beverage\",\"newName\":\"Beverage\",\"indexOrder\":3,\"isCalculated\":true,\"length\":10,\"precision\":0,\"scale\":0},\"ad5a3d46-81db-41c9-b293-53d2701919b6\":{\"classDefinition\":\"sap.cdw.querybuilder.Element\",\"name\":\"CostperLitre\",\"label\":\"CostperLitre\",\"newName\":\"CostperLitre\",\"indexOrder\":4,\"isCalculated\":true,\"defaultAggregation\":\"SUM\",\"dataType\":\"cds.Decimal\",\"length\":0,\"precision\":5,\"scale\":2,\"isMeasure\":true},\"7d858861-f129-405a-90f6-b531a4fb3c37\":{\"classDefinition\":\"sap.cdw.querybuilder.Element\",\"name\":\"LitresSold\",\"label\":\"LitresSold\",\"newName\":\"LitresSold\",\"indexOrder\":5,\"isCalculated\":true,\"defaultAggregation\":\"SUM\",\"dataType\":\"cds.Decimal\",\"length\":0,\"precision\":10,\"scale\":2,\"isMeasure\":true},\"daba763e-747b-4e1b-9b8b-df1f69770956\":{\"classDefinition\":\"sap.cdw.querybuilder.Element\",\"name\":\"Calculated_1\",\"label\":\"Revenue\",\"newName\":\"Revenue\",\"indexOrder\":6,\"expression\":\"\",\"isCalculated\":true,\"defaultAggregation\":\"SUM\",\"dataType\":\"cds.Decimal\",\"length\":0,\"precision\":15,\"scale\":4,\"isMeasure\":true},\"e4091b76-700f-4364-8499-530f1e364198\":{\"classDefinition\":\"sap.cdw.querybuilder.Element\",\"name\":\"SalesDate\",\"label\":\"SalesDate\",\"newName\":\"SalesDate\",\"indexOrder\":0,\"dataType\":\"cds.Date\",\"length\":0,\"precision\":0,\"scale\":0,\"successorElement\":\"a5810d95-7758-491c-bc0d-e0caf54cdad9\"},\"9090b0f5-aa98-4c02-854d-acfef7feb4cd\":{\"classDefinition\":\"sap.cdw.querybuilder.Element\",\"name\":\"Year\",\"label\":\"Year\",\"newName\":\"Year\",\"indexOrder\":1,\"dataType\":\"cds.Integer\",\"length\":0,\"precision\":0,\"scale\":0,\"successorElement\":\"5b6024c4-23a5-44fa-95bb-4c805f1f50a2\"},\"fd64feb5-6def-40c3-bc21-d488c22b25ca\":{\"classDefinition\":\"sap.cdw.querybuilder.Element\",\"name\":\"Region\",\"label\":\"Region\",\"newName\":\"Region\",\"indexOrder\":2,\"length\":10,\"precision\":0,\"scale\":0,\"successorElement\":\"837ada45-c589-4b30-92ee-3d76a893aad0\"},\"0694cf99-c28a-477b-a5ef-2380705f8b23\":{\"classDefinition\":\"sap.cdw.querybuilder.Element\",\"name\":\"Beverage\",\"label\":\"Beverage\",\"newName\":\"Beverage\",\"indexOrder\":3,\"length\":10,\"precision\":0,\"scale\":0,\"successorElement\":\"da533c17-5a00-425c-a09e-6fb2ad91778b\"},\"1d6caa31-7dcd-44ba-8469-19987e068a83\":{\"classDefinition\":\"sap.cdw.querybuilder.Element\",\"name\":\"CostperLitre\",\"label\":\"CostperLitre\",\"newName\":\"CostperLitre\",\"indexOrder\":4,\"dataType\":\"cds.Decimal\",\"length\":0,\"precision\":5,\"scale\":2,\"successorElement\":\"248ff05b-d7e8-4a62-90d3-bf0defb85295\"},\"cbf969ef-5fde-4c77-8727-4293587c3638\":{\"classDefinition\":\"sap.cdw.querybuilder.Element\",\"name\":\"LitresSold\",\"label\":\"LitresSold\",\"newName\":\"LitresSold\",\"indexOrder\":5,\"dataType\":\"cds.Decimal\",\"length\":0,\"precision\":10,\"scale\":2,\"successorElement\":\"59c9d4f3-4669-4da4-abd7-fcd13acbcc1b\"},\"a5810d95-7758-491c-bc0d-e0caf54cdad9\":{\"classDefinition\":\"sap.cdw.querybuilder.Element\",\"name\":\"SalesDate\",\"label\":\"SalesDate\",\"newName\":\"SalesDate\",\"indexOrder\":0,\"expression\":\"SalesDate\",\"isCalculated\":true,\"dataType\":\"cds.Date\",\"length\":0,\"precision\":0,\"scale\":0,\"successorElement\":\"fd5a2d2e-84d2-4b6e-be62-bdba95b8190f\"},\"5b6024c4-23a5-44fa-95bb-4c805f1f50a2\":{\"classDefinition\":\"sap.cdw.querybuilder.Element\",\"name\":\"Year\",\"label\":\"Year\",\"newName\":\"Year\",\"indexOrder\":1,\"expression\":\"Year\",\"isCalculated\":true,\"dataType\":\"cds.Integer\",\"length\":0,\"precision\":0,\"scale\":0,\"successorElement\":\"ba22bbcd-1eed-426b-a4f3-d4cf3ecbb500\"},\"837ada45-c589-4b30-92ee-3d76a893aad0\":{\"classDefinition\":\"sap.cdw.querybuilder.Element\",\"name\":\"Region\",\"label\":\"Region\",\"newName\":\"Region\",\"indexOrder\":2,\"expression\":\"Region\",\"isCalculated\":true,\"length\":10,\"precision\":0,\"scale\":0,\"successorElement\":\"debbc8e5-826a-4e2d-873e-43bfdb2cbc38\"},\"da533c17-5a00-425c-a09e-6fb2ad91778b\":{\"classDefinition\":\"sap.cdw.querybuilder.Element\",\"name\":\"Beverage\",\"label\":\"Beverage\",\"newName\":\"Beverage\",\"indexOrder\":3,\"expression\":\"Beverage\",\"isCalculated\":true,\"length\":10,\"precision\":0,\"scale\":0,\"successorElement\":\"fb3b778b-1c30-477b-a87d-823ff25ea4ca\"},\"248ff05b-d7e8-4a62-90d3-bf0defb85295\":{\"classDefinition\":\"sap.cdw.querybuilder.Element\",\"name\":\"CostperLitre\",\"label\":\"CostperLitre\",\"newName\":\"CostperLitre\",\"indexOrder\":4,\"expression\":\"CostperLitre\",\"isCalculated\":true,\"dataType\":\"cds.Decimal\",\"length\":0,\"precision\":5,\"scale\":2,\"successorElement\":\"ad5a3d46-81db-41c9-b293-53d2701919b6\"},\"59c9d4f3-4669-4da4-abd7-fcd13acbcc1b\":{\"classDefinition\":\"sap.cdw.querybuilder.Element\",\"name\":\"LitresSold\",\"label\":\"LitresSold\",\"newName\":\"LitresSold\",\"indexOrder\":5,\"expression\":\"LitresSold\",\"isCalculated\":true,\"dataType\":\"cds.Decimal\",\"length\":0,\"precision\":10,\"scale\":2,\"successorElement\":\"7d858861-f129-405a-90f6-b531a4fb3c37\"},\"36495cf3-2dce-4add-9ead-013d0b33a143\":{\"classDefinition\":\"sap.cdw.querybuilder.Element\",\"name\":\"Calculated_1\",\"label\":\"Revenue\",\"newName\":\"Revenue\",\"indexOrder\":6,\"expression\":\"CostperLitre*LitresSold\",\"isCalculated\":true,\"dataType\":\"cds.Decimal\",\"length\":0,\"precision\":15,\"scale\":4,\"successorElement\":\"daba763e-747b-4e1b-9b8b-df1f69770956\"},\"f3ae1eb2-7e7b-4682-8986-576db3ec4dea\":{\"classDefinition\":\"sap.cdw.querybuilder.ui.OutputSymbol\",\"x\":96,\"y\":-20,\"width\":140,\"height\":40,\"object\":\"9df24d8b-2a30-4c23-b21f-8feb920169ec\"},\"6abb21dc-42ec-41d1-a12e-ae23b24a1dd1\":{\"classDefinition\":\"sap.cdw.querybuilder.ui.EntitySymbol\",\"name\":\"Entity Symbol 1\",\"x\":-212,\"y\":-19.999999999999993,\"width\":160,\"height\":40,\"displayName\":\"Entity Symbol 1\",\"object\":\"8a6e17cc-1e55-4c68-9897-398b98380788\"},\"1d99a072-ca67-4979-a2fa-fe4d43907511\":{\"classDefinition\":\"sap.cdw.querybuilder.ui.CalculatedSymbol\",\"x\":-2,\"y\":-16,\"object\":\"14625ade-a960-4689-a9d1-08cf8edd6fcb\"},\"da3e155c-bffa-4185-87b6-14817bedfe1e\":{\"classDefinition\":\"sap.cdw.querybuilder.ui.AssociationSymbol\",\"points\":\"-52,0 -2,0\",\"contentOffsetX\":5,\"contentOffsetY\":5,\"sourceSymbol\":\"6abb21dc-42ec-41d1-a12e-ae23b24a1dd1\",\"targetSymbol\":\"1d99a072-ca67-4979-a2fa-fe4d43907511\"},\"01506406-ba1c-4994-8509-20f32f8ad5f8\":{\"classDefinition\":\"sap.cdw.querybuilder.ui.AssociationSymbol\",\"points\":\"46,0 96,0\",\"contentOffsetX\":5,\"contentOffsetY\":5,\"sourceSymbol\":\"1d99a072-ca67-4979-a2fa-fe4d43907511\",\"targetSymbol\":\"f3ae1eb2-7e7b-4682-8986-576db3ec4dea\"}}}"
    },
    "ZRS_Beverage_Sales": {
      "kind": "entity",
      "@EndUserText.label": "ZRS_Beverage_Sales",
      "@ObjectModel.modelingPattern": {
        "#": "DATA_STRUCTURE"
      },
      "@ObjectModel.supportedCapabilities": [
        {
          "#": "DATA_STRUCTURE"
        }
      ],
      "elements": {
        "SalesDate": {
          "@EndUserText.label": "SalesDate",
          "type": "cds.Date"
        },
        "Year": {
          "@EndUserText.label": "Year",
          "type": "cds.Integer"
        },
        "Region": {
          "@EndUserText.label": "Region",
          "type": "cds.String",
          "length": 10
        },
        "Beverage": {
          "@EndUserText.label": "Beverage",
          "type": "cds.String",
          "length": 10
        },
        "CostperLitre": {
          "@EndUserText.label": "CostperLitre",
          "precision": 5,
          "scale": 2,
          "type": "cds.Decimal"
        },
        "LitresSold": {
          "@EndUserText.label": "LitresSold",
          "precision": 10,
          "scale": 2,
          "type": "cds.Decimal"
        }
      }
    }
  },
  "version": {
    "csn": "1.0"
  },
  "meta": {
    "creator": "CDS Compiler v1.19.2"
  },
  "$version": "1.0"
}