Date,Year,Region ,Beverage,CostPerLitre,LitresSold
2023-12-31,2023,North,Water,0.25,10000
2023-12-31,2023,North,Juice,2.5,20000
2023-12-31,2023,North,IceT,3.5,15000
2023-12-31,2023,South,Water,0.25,8000
2023-12-31,2023,South,Juice,2.5,22000
2023-12-31,2023,South,IceT,3.5,17000
2022-12-31,2022,North,Water,0.25,9000
2022-12-31,2022,North,Juice,2,21000
2022-12-31,2022,North,IceT,3.5,13000
2022-12-31,2022,South,Water,0.25,5000
2022-12-31,2022,South,Juice,2,18000
2022-12-31,2022,South,IceT,3.5,18000
